session_id,timestamp,session_name,duration_minutes,music_involved,music_link,Delta,Theta,AlphaLow,AlphaHigh,BetaLow,BetaHigh,GammaLow,GammaHigh,Attention,Meditation
06944795,15:59:56,stable_exercise,10,no,,35674,22263,9864,14710,13612,8995,7764,2652,37,56
06944795,15:59:57,stable_exercise,10,no,,8012,4695,6111,2322,13469,5620,7042,1620,56,63
06944795,15:59:58,stable_exercise,10,no,,308852,47824,30981,3612,11847,20023,5446,4412,63,63
06944795,15:59:59,stable_exercise,10,no,,1044947,235122,31212,26956,16841,27795,18375,3981,60,56
06944795,16:00:00,stable_exercise,10,no,,653954,57794,10397,6608,12076,16086,8493,5295,60,44
06944795,16:00:01,stable_exercise,10,no,,557634,94663,50661,9793,22954,31137,9424,2480,53,44
06944795,16:00:02,stable_exercise,10,no,,392293,77214,8567,24297,9748,4444,4465,2887,40,43
06944795,16:00:03,stable_exercise,10,no,,962155,63791,21439,15773,41707,14657,7479,3701,43,48
06944795,16:00:04,stable_exercise,10,no,,660397,246222,53539,18471,5384,17305,6916,4220,34,50
06944795,16:00:05,stable_exercise,10,no,,392327,101097,15909,12819,4608,4258,4773,1086,17,47
06944795,16:00:06,stable_exercise,10,no,,578468,233979,33800,34059,41406,15517,2628,632,20,40
06944795,16:00:07,stable_exercise,10,no,,1061489,402746,9995,61196,16241,10073,15259,4894,3,30
06944795,16:00:08,stable_exercise,10,no,,934845,98748,20703,16614,18199,12132,16996,14463,7,35
06944795,16:00:09,stable_exercise,10,no,,1089837,193461,42297,51556,56355,57768,46700,5745,21,35
06944795,16:00:10,stable_exercise,10,no,,601642,290898,7231,12002,12982,8909,5896,800,16,17
06944795,16:00:11,stable_exercise,10,no,,722269,91417,7437,29092,13532,5373,8734,5516,21,26
06944795,16:00:12,stable_exercise,10,no,,1730008,106557,20214,15070,5233,16508,7203,2038,24,26
06944795,16:00:13,stable_exercise,10,no,,1025859,255451,188596,70515,70155,82210,51957,12684,23,35
06944795,16:00:14,stable_exercise,10,no,,644390,300632,49854,35844,28330,26607,8308,3461,29,51
06944795,16:00:15,stable_exercise,10,no,,464175,38667,14932,3068,6347,6481,2316,743,38,53
06944795,16:00:16,stable_exercise,10,no,,1447353,138375,31309,52632,51240,16657,12620,3052,35,57
06944795,16:00:17,stable_exercise,10,no,,774640,156151,19293,54791,54397,7580,5847,3218,21,50
06944795,16:00:18,stable_exercise,10,no,,1550012,30732,7185,8142,12431,5468,2614,1242,24,53
06944795,16:00:19,stable_exercise,10,no,,1415972,603798,224561,131022,50087,177415,70284,21229,29,56
06944795,16:00:20,stable_exercise,10,no,,967103,307625,98367,48330,47034,32942,10020,5579,29,54
06944795,16:00:21,stable_exercise,10,no,,569871,9178,3410,6768,2091,4444,1735,1155,47,61
06944795,16:00:22,stable_exercise,10,no,,281722,37622,18080,22524,10591,7143,4371,3055,43,69
06944795,16:00:23,stable_exercise,10,no,,145525,72856,14054,17613,18202,14059,8450,5469,41,67
06944795,16:00:24,stable_exercise,10,no,,577467,143211,26955,19206,8838,4335,7930,2698,30,64
06944795,16:00:25,stable_exercise,10,no,,636103,165422,51858,13045,16011,13622,7787,6572,20,57
06944795,16:00:26,stable_exercise,10,no,,1988698,94379,20351,15802,7537,6344,4270,5853,14,48
06944795,16:00:27,stable_exercise,10,no,,140971,61487,13047,2801,19449,6707,6526,4407,11,43
06944795,16:00:28,stable_exercise,10,no,,303762,46258,9608,7836,9555,2833,3818,1038,16,43
06944795,16:00:29,stable_exercise,10,no,,843133,85686,3885,51594,18383,3201,1750,2251,16,43
06944795,16:00:30,stable_exercise,10,no,,320734,116591,5819,10762,41999,6104,6167,4651,13,27
06944795,16:00:31,stable_exercise,10,no,,1870003,150553,20857,50818,48852,32276,14534,3646,23,26
06944795,16:00:32,stable_exercise,10,no,,292493,353831,63462,92055,101843,62019,17180,5828,26,30
06944795,16:00:33,stable_exercise,10,no,,365571,57091,5962,11849,7035,4185,4266,1355,27,29
06944795,16:00:34,stable_exercise,10,no,,1200320,243432,54490,42504,35394,19031,9793,7023,30,41
06944795,16:00:35,stable_exercise,10,no,,1426622,18031,13537,10750,2182,14080,13249,3839,38,51
06944795,16:00:36,stable_exercise,10,no,,256601,51998,910,2377,2443,4478,4645,1463,35,30
06944795,16:00:37,stable_exercise,10,no,,294350,93838,5724,16206,15134,18118,14044,7342,41,27
06944795,16:00:38,stable_exercise,10,no,,967932,474768,35981,16561,12524,28861,16630,9363,41,14
06944795,16:00:39,stable_exercise,10,no,,532408,242109,40561,19918,30635,28126,42630,20728,29,1
06944795,16:00:40,stable_exercise,10,no,,265319,318344,32602,6973,35268,25290,37593,12686,29,10
06944795,16:00:41,stable_exercise,10,no,,975359,66430,52182,50672,13015,7622,6337,7283,20,35
06944795,16:00:42,stable_exercise,10,no,,1517377,34641,19189,20725,6950,9092,6724,6755,26,60
06944795,16:00:43,stable_exercise,10,no,,217316,24986,1915,3042,8056,4659,3256,2295,30,54
06944795,16:00:44,stable_exercise,10,no,,1448153,278698,42761,63645,106942,43394,19855,6353,35,63
06944795,16:00:45,stable_exercise,10,no,,233693,23814,5362,8577,5162,2921,1565,1482,38,51
06944795,16:00:46,stable_exercise,10,no,,633965,37596,8079,2928,13831,7364,2804,1545,41,34
06944795,16:00:47,stable_exercise,10,no,,935192,28633,4232,3744,4089,1964,1141,612,34,40
06944795,16:00:48,stable_exercise,10,no,,301516,182066,2813,29286,10724,9810,6066,1922,24,37
06944795,16:00:49,stable_exercise,10,no,,287568,164934,61227,12094,40097,29043,29031,14510,29,30
06944795,16:00:50,stable_exercise,10,no,,728985,54183,5425,5863,14097,7248,2520,3115,26,29
06944795,16:00:51,stable_exercise,10,no,,1285170,73189,27890,7138,26639,6508,7604,1429,26,35
06944795,16:00:52,stable_exercise,10,no,,1141845,162777,13702,23148,24712,14431,9832,4391,30,37
06944795,16:00:53,stable_exercise,10,no,,145196,630253,29947,50580,99830,35557,13227,7436,24,24
06944795,16:00:54,stable_exercise,10,no,,313359,74757,26257,6246,33318,20370,11639,4914,27,29
06944795,16:00:55,stable_exercise,10,no,,705986,289414,128986,56298,89766,12730,25414,4953,21,35
06944795,16:00:56,stable_exercise,10,no,,549445,42361,11410,37721,11520,14140,23118,2669,26,50
06944795,16:00:57,stable_exercise,10,no,,309225,240526,19785,17384,22161,12774,13569,13770,24,53
06944795,16:00:58,stable_exercise,10,no,,161234,8381,14719,4389,9192,13676,7769,2666,35,63
06944795,16:00:59,stable_exercise,10,no,,1478423,142194,38175,5591,79759,24495,25988,10322,47,50
06944795,16:01:00,stable_exercise,10,no,,637382,128890,11040,41529,83277,28861,9531,9489,48,37
06944795,16:01:01,stable_exercise,10,no,,1544090,274068,23876,29304,35005,41460,18762,7410,56,38
06944795,16:01:02,stable_exercise,10,no,,1650616,183820,18308,15732,30439,27457,10366,8546,44,21
06944795,16:01:02,stable_exercise,10,no,,2034837,93024,21686,9408,41946,20739,8489,2699,48,24
06944795,16:01:04,stable_exercise,10,no,,789040,555957,51401,29126,42199,21580,15171,5809,35,17
06944795,16:01:05,stable_exercise,10,no,,1151767,43502,61683,2648,15563,8740,12941,2268,29,40
06944795,16:01:06,stable_exercise,10,no,,681618,204282,36476,27462,15627,10639,3334,3281,20,47
06944795,16:01:07,stable_exercise,10,no,,74585,27153,13312,17942,1363,9723,7176,3368,20,63
06944795,16:01:08,stable_exercise,10,no,,128223,32384,35496,18081,5100,7747,3462,1418,27,90
06944795,16:01:09,stable_exercise,10,no,,202924,107655,6230,6890,1739,2102,1591,844,16,64
06944795,16:01:10,stable_exercise,10,no,,3281677,89740,27361,52435,9962,22772,5139,3008,16,64
06944795,16:01:11,stable_exercise,10,no,,993413,297288,11267,29948,14373,12813,4292,3301,16,56
06944795,16:01:12,stable_exercise,10,no,,929645,201954,9051,15214,28026,12188,6051,6809,8,30
06944795,16:01:13,stable_exercise,10,no,,202869,49417,21199,15450,6822,12020,7411,2410,10,20
06944795,16:01:14,stable_exercise,10,no,,1851054,356593,12173,69865,107779,90437,25461,26354,29,23
06944795,16:01:15,stable_exercise,10,no,,452759,75127,9511,7793,11013,6454,2067,1419,35,27
06944795,16:01:16,stable_exercise,10,no,,1497924,78519,29315,54506,79020,27148,25232,3488,44,47
06944795,16:01:17,stable_exercise,10,no,,325144,73424,44720,38016,43795,9973,8967,1276,38,50
06944795,16:01:18,stable_exercise,10,no,,877399,241770,142943,79378,14817,31654,3062,3669,29,69
06944795,16:01:19,stable_exercise,10,no,,254751,62498,10153,42690,25171,17243,6402,1957,37,81
06944795,16:01:20,stable_exercise,10,no,,373163,81672,12395,3896,7667,4591,2008,1716,24,69
06944795,16:01:21,stable_exercise,10,no,,1116594,83962,49239,69460,41405,50755,18716,14345,37,70
06944795,16:01:22,stable_exercise,10,no,,1514043,243278,51461,52360,35297,52159,28156,22938,43,60
06944795,16:01:23,stable_exercise,10,no,,1597028,141036,107720,42927,38888,33296,15900,14020,41,63
06944795,16:01:24,stable_exercise,10,no,,2400742,748217,325484,213351,125111,51518,48590,16547,41,78
06944795,16:01:25,stable_exercise,10,no,,534997,43757,31947,4673,9863,7262,10836,3670,34,77
06944795,16:01:26,stable_exercise,10,no,,592686,236343,34144,85547,16121,37884,22105,13120,29,80
06944795,16:01:26,stable_exercise,10,no,,111719,363066,76770,86806,33986,25282,21926,4951,21,74
06944795,16:01:28,stable_exercise,10,no,,3442066,142404,49285,108652,16028,23503,38450,3478,26,77
06944795,16:01:29,stable_exercise,10,no,,782237,265834,13616,42270,35250,36544,16219,15807,27,61
06944795,16:01:30,stable_exercise,10,no,,1194884,252658,133842,119483,27997,29635,47530,4539,23,69
06944795,16:01:31,stable_exercise,10,no,,958912,51791,5886,11714,22772,8700,12472,1615,30,63
06944795,16:01:32,stable_exercise,10,no,,591735,157020,29802,33083,30714,29150,18187,7849,37,50
06944795,16:01:33,stable_exercise,10,no,,2034575,1312196,115352,237926,129724,121926,45783,37800,35,54
06944795,16:01:34,stable_exercise,10,no,,663678,28533,37448,91324,90949,66933,39346,5834,53,51
06944795,16:01:35,stable_exercise,10,no,,125366,119134,4077,21367,4648,4534,3471,1663,41,51
06944795,16:01:36,stable_exercise,10,no,,1621098,1308042,54154,42494,90218,118674,29792,31119,38,30
06944795,16:01:37,stable_exercise,10,no,,39210,59247,16362,25069,14062,3136,1368,760,29,43
06944795,16:01:38,stable_exercise,10,no,,583786,162941,35256,21739,70869,20928,16037,6764,16,27
06944795,16:01:39,stable_exercise,10,no,,1919979,132045,205519,37251,50870,36455,8794,3171,26,48
06944795,16:01:40,stable_exercise,10,no,,1672286,657437,14668,78068,84157,59065,27157,9257,24,56
06944795,16:01:41,stable_exercise,10,no,,76992,16405,7069,4362,2345,2639,884,1270,35,56
06944795,16:01:42,stable_exercise,10,no,,750930,22649,14558,11727,4693,5272,9510,1803,37,70
06944795,16:01:43,stable_exercise,10,no,,1850402,373168,65618,122425,164734,34124,88710,18020,34,56
06944795,16:01:44,stable_exercise,10,no,,1896808,101168,41597,9601,6437,18090,11118,2357,35,70
06944795,16:01:45,stable_exercise,10,no,,634116,242007,158836,105632,37391,33508,14419,10209,34,78
06944795,16:01:46,stable_exercise,10,no,,589369,9147,4648,6246,4258,3891,2320,250,38,75
06944795,16:01:47,stable_exercise,10,no,,1860464,288734,106293,75355,137852,57716,35677,5196,43,77
06944795,16:01:47,stable_exercise,10,no,,1901219,1068215,381859,235378,303996,269838,94732,26055,48,77
06944795,16:01:49,stable_exercise,10,no,,385282,408479,35561,42135,95608,67278,9028,5232,54,53
06944795,16:01:50,stable_exercise,10,no,,641376,88194,20975,40924,43407,27878,15953,3338,53,50
06944795,16:01:51,stable_exercise,10,no,,682744,43098,4725,19787,16512,8581,5921,9135,53,48
06944795,16:01:52,stable_exercise,10,no,,211640,13012,1536,3294,1231,1564,1416,1249,47,44
06944795,16:01:53,stable_exercise,10,no,,2171100,347443,68547,73344,109765,44450,49603,15830,43,53
06944795,16:01:54,stable_exercise,10,no,,671798,73410,28884,56185,36222,22086,9117,3075,41,56
06944795,16:01:55,stable_exercise,10,no,,254599,105299,44416,22686,8297,25662,15350,5079,41,63
06944795,16:01:56,stable_exercise,10,no,,1390834,1127856,42198,78383,79531,47441,19105,20226,35,48
06944795,16:01:57,stable_exercise,10,no,,1418051,541548,209582,41880,36803,45188,10455,6882,30,54
06944795,16:01:58,stable_exercise,10,no,,551034,56169,17856,25456,21110,23318,21045,2698,35,50
06944795,16:01:59,stable_exercise,10,no,,952324,120090,23485,13561,13898,6353,6779,1562,24,43
06944795,16:02:00,stable_exercise,10,no,,3209035,1648540,417975,218191,167810,130328,94282,31085,27,56
06944795,16:02:01,stable_exercise,10,no,,1243199,157346,17223,6056,4808,5838,3953,2476,23,43
06944795,16:02:02,stable_exercise,10,no,,1900996,200534,37441,61997,102521,33089,56553,12020,16,40
06944795,16:02:03,stable_exercise,10,no,,653991,167349,52068,21448,27741,30142,7292,6961,26,41
06944795,16:02:04,stable_exercise,10,no,,420797,43102,18381,23781,64529,31039,16005,1091,26,41
06944795,16:02:05,stable_exercise,10,no,,992207,34086,9057,10651,4708,3154,1257,313,26,41
06944795,16:02:06,stable_exercise,10,no,,392843,206285,17273,20868,29445,14913,7962,8256,26,30
06944795,16:02:07,stable_exercise,10,no,,1001125,171337,181751,14079,6876,35269,24127,13258,37,54
06944795,16:02:08,stable_exercise,10,no,,590428,57338,14227,13854,6696,8762,3977,4139,35,56
06944795,16:02:08,stable_exercise,10,no,,1241546,221253,139891,47723,32871,24697,15698,19093,29,64
06944795,16:02:10,stable_exercise,10,no,,1554069,50661,27902,53425,51764,26785,12285,7932,40,81
06944795,16:02:11,stable_exercise,10,no,,503083,47534,12363,6608,6030,6043,1901,1571,38,69
06944795,16:02:11,stable_exercise,10,no,,225012,8644,11124,4031,3963,1515,3146,1053,34,83
06944795,16:02:13,stable_exercise,10,no,,191561,61464,16212,4912,11063,2859,3495,1095,27,74
06944795,16:02:14,stable_exercise,10,no,,678118,68761,16249,7124,3016,4942,6456,1697,16,64
06944795,16:02:15,stable_exercise,10,no,,92267,55581,21207,16014,17329,15461,16271,6795,23,67
06944795,16:02:16,stable_exercise,10,no,,43216,44034,6986,10509,27705,6077,2606,4484,26,50
06944795,16:02:17,stable_exercise,10,no,,364483,133184,45070,29648,23060,15162,14927,3318,34,56
06944795,16:02:18,stable_exercise,10,no,,270623,100320,48221,11462,9542,10140,16461,3145,35,61
06944795,16:02:19,stable_exercise,10,no,,832657,14234,6040,2937,2498,2995,2170,988,30,61
06944795,16:02:20,stable_exercise,10,no,,241775,37460,1583,1407,2209,3360,1795,417,30,48
06944795,16:02:21,stable_exercise,10,no,,493346,138240,235653,61339,13877,67476,48728,10208,38,61
06944795,16:02:22,stable_exercise,10,no,,1590593,91620,10642,39788,19463,53167,15105,4118,53,54
06944795,16:02:23,stable_exercise,10,no,,153878,30250,88,1110,1790,986,478,582,41,29
06944795,16:02:24,stable_exercise,10,no,,654602,175878,25471,29971,11584,8635,13073,5363,35,48
06944795,16:02:25,stable_exercise,10,no,,1255789,172520,60860,27377,28011,42069,13307,7847,35,34
06944795,16:02:26,stable_exercise,10,no,,185753,24584,889,2899,2187,1054,629,662,16,26
06944795,16:02:27,stable_exercise,10,no,,436559,79191,7888,23754,20125,27173,12253,2582,34,48
06944795,16:02:28,stable_exercise,10,no,,281214,19399,6596,500,843,1815,1481,435,40,48
06944795,16:02:29,stable_exercise,10,no,,2306742,556638,219730,139473,197114,163058,142691,60893,40,50
06944795,16:02:30,stable_exercise,10,no,,537786,24598,10511,1069,8166,1852,2459,1063,43,57
06944795,16:02:31,stable_exercise,10,no,,1337427,94202,27911,3887,19088,11231,4559,2414,34,57
06944795,16:02:32,stable_exercise,10,no,,1052910,1018451,197287,196036,83143,124811,99405,35686,35,57
06944795,16:02:32,stable_exercise,10,no,,745077,39874,3647,13237,14515,3128,697,1334,24,56
06944795,16:02:34,stable_exercise,10,no,,76374,356329,77221,40282,33313,14517,17230,8024,21,54
06944795,16:02:35,stable_exercise,10,no,,1072039,1539231,387733,172735,98306,98509,30837,18625,14,57
06944795,16:02:36,stable_exercise,10,no,,219814,100006,30789,17427,18524,16439,4955,835,16,57
06944795,16:02:37,stable_exercise,10,no,,774161,75147,19313,10224,7286,4843,4564,2299,14,60
06944795,16:02:38,stable_exercise,10,no,,149028,13767,2182,4270,4317,1247,603,509,21,60
06944795,16:02:39,stable_exercise,10,no,,67164,136837,10399,12413,7971,3817,2811,892,16,51
06944795,16:02:40,stable_exercise,10,no,,705591,330543,27335,17172,24343,13493,12582,6349,7,41
06944795,16:02:41,stable_exercise,10,no,,130032,59196,43972,13148,11894,13702,4229,2161,14,47
06944795,16:02:42,stable_exercise,10,no,,1912966,1126270,114552,369193,522038,168557,94427,28163,17,44
06944795,16:02:43,stable_exercise,10,no,,1643886,70018,4959,9331,20675,11637,6015,1344,17,44
06944795,16:02:44,stable_exercise,10,no,,1336184,293689,61101,9059,34558,44975,8841,7494,30,48
06944795,16:02:45,stable_exercise,10,no,,806246,25775,21769,25190,26821,25183,6551,3615,30,48
06944795,16:02:46,stable_exercise,10,no,,1538264,40568,18130,25248,11040,13434,5657,1742,44,66
06944795,16:02:47,stable_exercise,10,no,,2020044,66000,953,35863,131902,29131,33461,4571,44,66
06944795,16:02:48,stable_exercise,10,no,,589250,141554,36303,171823,52410,46651,19545,6618,47,69
06944795,16:02:49,stable_exercise,10,no,,2126884,514493,51600,87983,97312,103720,71343,46280,50,66
06944795,16:02:50,stable_exercise,10,no,,1421719,42026,13810,11036,24053,15956,6076,2593,56,70
06944795,16:02:51,stable_exercise,10,no,,107902,48447,6281,4857,9507,11283,3980,2091,57,54
06944795,16:02:52,stable_exercise,10,no,,1204533,68592,12147,43711,72417,29315,14010,5681,57,54
06944795,16:02:53,stable_exercise,10,no,,694466,11577,8187,10298,9720,4524,2567,718,57,54
06944795,16:02:54,stable_exercise,10,no,,2579101,305714,389010,55066,278398,104390,35125,28975,57,54
06944795,16:02:55,stable_exercise,10,no,,454557,27342,57342,34301,11736,31235,7471,3062,63,74
06944795,16:02:56,stable_exercise,10,no,,1986351,458811,45566,103107,48523,68328,29853,7455,56,74
06944795,16:02:56,stable_exercise,10,no,,618408,24104,17762,18578,11973,17880,2554,3956,60,88
06944795,16:02:58,stable_exercise,10,no,,691347,52701,12605,12428,8310,6449,1710,1117,54,80
06944795,16:02:59,stable_exercise,10,no,,2449736,1796826,589130,379850,241306,688885,158341,43658,54,66
06944795,16:03:00,stable_exercise,10,no,,1227449,12140,14025,15545,4310,6350,9951,7044,56,83
06944795,16:03:01,stable_exercise,10,no,,1949089,384222,212523,77657,90592,90517,25093,12472,56,83
06944795,16:03:02,stable_exercise,10,no,,1126316,71383,42083,28644,9101,9310,6403,1761,43,84
06944795,16:03:03,stable_exercise,10,no,,642336,22693,5995,19784,19142,7076,9586,4659,48,90
06944795,16:03:04,stable_exercise,10,no,,1381155,35462,23161,4518,18813,12391,9663,2429,47,91
06944795,16:03:05,stable_exercise,10,no,,2301783,61847,225838,99176,157998,61872,40776,27487,48,88
06944795,16:03:06,stable_exercise,10,no,,476929,64979,26221,16844,10247,10806,8225,2766,51,83
06944795,16:03:07,stable_exercise,10,no,,1443629,999291,312565,226563,117022,112658,69372,17319,44,81
06944795,16:03:07,stable_exercise,10,no,,1962979,63431,30556,10004,5888,12011,6705,4422,44,81
06944795,16:03:09,stable_exercise,10,no,,1930181,69457,17333,10511,38872,6907,6807,1585,37,77
06944795,16:03:10,stable_exercise,10,no,,966733,22059,34033,16103,8906,5711,2965,2566,29,80
06944795,16:03:11,stable_exercise,10,no,,1471575,57811,6118,20784,12752,19006,6158,2954,38,75
06944795,16:03:12,stable_exercise,10,no,,650269,133679,23606,28838,36077,50522,5232,3444,50,66
06944795,16:03:13,stable_exercise,10,no,,36600,11773,1010,880,3372,2247,1102,377,56,60
06944795,16:03:14,stable_exercise,10,no,,627739,70035,19102,18067,15059,9382,7156,4192,56,47
06944795,16:03:14,stable_exercise,10,no,,2071839,120703,127840,7600,18750,12130,7113,3701,43,57
06944795,16:03:16,stable_exercise,10,no,,582749,49949,39137,67410,66173,19488,19777,7698,37,69
06944795,16:03:17,stable_exercise,10,no,,2190343,27448,4522,2419,11592,14906,1919,675,37,69
06944795,16:03:17,stable_exercise,10,no,,1016970,508801,81570,15064,58033,47442,15918,8925,29,74
06944795,16:03:19,stable_exercise,10,no,,247861,33181,13845,2529,9694,7962,3918,4095,35,70
06944795,16:03:20,stable_exercise,10,no,,146583,27561,1654,12262,10419,9438,860,377,48,60
06944795,16:03:21,stable_exercise,10,no,,525229,20173,5966,1702,2285,1816,654,298,48,60
06944795,16:03:22,stable_exercise,10,no,,208650,234406,43807,34317,11758,18478,6031,5110,41,48
06944795,16:03:23,stable_exercise,10,no,,198989,42443,7630,12156,16947,14942,7612,2410,51,54
06944795,16:03:24,stable_exercise,10,no,,998115,117025,110944,23031,25721,13766,3478,2937,41,64
06944795,16:03:25,stable_exercise,10,no,,876091,108037,15738,47366,72953,31288,11171,7397,41,66
06944795,16:03:26,stable_exercise,10,no,,780657,38417,8181,22367,8353,23986,7044,1789,54,69
06944795,16:03:27,stable_exercise,10,no,,2849157,586184,70612,37855,9750,44326,32976,17364,43,66
06944795,16:03:28,stable_exercise,10,no,,759082,194888,46923,27931,10978,22935,20562,7572,48,56
06944795,16:03:28,stable_exercise,10,no,,1299146,379702,125409,33449,83769,26336,11937,5035,35,56
06944795,16:03:30,stable_exercise,10,no,,395963,287847,49663,30834,41994,19200,12044,6179,20,50
06944795,16:03:31,stable_exercise,10,no,,83141,21454,13306,10155,4804,2833,1522,422,20,64
06944795,16:03:32,stable_exercise,10,no,,1978541,225612,89425,179706,25728,43010,21448,3605,20,77
06944795,16:03:33,stable_exercise,10,no,,425178,68208,38287,58965,21663,26728,8823,2980,30,84
06944795,16:03:34,stable_exercise,10,no,,1802716,43687,13525,28972,27131,11817,3855,1603,40,93
06944795,16:03:35,stable_exercise,10,no,,1235555,27954,18439,25976,10339,3536,1986,1002,37,96
06944795,16:03:36,stable_exercise,10,no,,26701,53405,49505,5746,15504,11514,3343,1700,38,93
06944795,16:03:37,stable_exercise,10,no,,50104,19438,15425,14533,17609,6732,2968,2845,38,91
06944795,16:03:38,stable_exercise,10,no,,301585,33759,13467,10852,4870,5210,2161,1486,34,93
06944795,16:03:38,stable_exercise,10,no,,719939,15127,2154,1859,11531,5508,2749,856,48,70
06944795,16:03:40,stable_exercise,10,no,,1601645,353822,18696,34029,11258,11342,10486,2631,38,53
06944795,16:03:41,stable_exercise,10,no,,390996,17052,4460,3772,8389,1973,756,212,34,44
06944795,16:03:42,stable_exercise,10,no,,127652,89152,5257,48779,13145,6630,2281,898,26,44
06944795,16:03:42,stable_exercise,10,no,,1627569,1998591,57921,48418,165166,98706,153039,26133,11,34
06944795,16:03:44,stable_exercise,10,no,,1128681,157779,5368,40289,8709,18844,21480,5148,21,40
06944795,16:03:45,stable_exercise,10,no,,132265,234045,12100,41047,9824,9454,6203,2370,13,35
06944795,16:03:46,stable_exercise,10,no,,876647,35209,6297,3460,1960,1730,2281,233,13,27
06944795,16:03:47,stable_exercise,10,no,,663253,20751,49378,37154,6014,15860,4034,1052,23,66
06944795,16:03:48,stable_exercise,10,no,,632559,52825,23166,62216,69586,40803,12158,4073,34,75
06944795,16:03:49,stable_exercise,10,no,,747559,378468,146992,89577,48446,52678,31077,11083,40,84
06944795,16:03:49,stable_exercise,10,no,,807636,62639,4074,13367,8726,3945,2824,1350,43,83
06944795,16:03:51,stable_exercise,10,no,,826162,928446,131516,135600,230209,60709,25128,10815,34,61
06944795,16:03:52,stable_exercise,10,no,,1865894,288002,46279,32188,23534,21648,9125,4425,20,53
06944795,16:03:53,stable_exercise,10,no,,1040215,37731,53792,11400,14604,8102,5908,1797,20,60
06944795,16:03:54,stable_exercise,10,no,,29394,24958,11083,413,3641,1650,911,314,17,66
06944795,16:03:55,stable_exercise,10,no,,373590,39470,12931,11951,19435,28310,9585,6773,37,67
06944795,16:03:56,stable_exercise,10,no,,117890,20861,7151,9777,8509,1782,1867,913,35,78
06944795,16:03:56,stable_exercise,10,no,,61772,381283,50692,111373,298609,78308,67720,11613,38,61
06944795,16:03:58,stable_exercise,10,no,,1284851,610613,92597,19136,74113,154775,93496,17305,51,50
06944795,16:03:59,stable_exercise,10,no,,479857,248047,33061,86646,20413,37737,4536,4843,40,53
06944795,16:03:59,stable_exercise,10,no,,1137437,330519,36530,82368,46451,72793,38806,9170,51,44
06944795,16:04:01,stable_exercise,10,no,,1286889,541236,206438,66739,61506,44294,30790,4931,43,53
06944795,16:04:02,stable_exercise,10,no,,964726,83144,44677,113944,24751,41869,9686,2893,41,75
06944795,16:04:03,stable_exercise,10,no,,178409,51723,10027,4268,9248,6522,2005,1293,40,67
06944795,16:04:04,stable_exercise,10,no,,889654,99524,26628,42590,28479,11222,6839,2745,30,74
06944795,16:04:05,stable_exercise,10,no,,1774053,1064489,606245,332432,269654,149359,31286,21560,35,77
06944795,16:04:06,stable_exercise,10,no,,1649725,229944,28308,28950,18160,24435,11881,4329,27,60
06944795,16:04:06,stable_exercise,10,no,,68075,11667,777,3402,2838,1564,440,466,27,63
06944795,16:04:08,stable_exercise,10,no,,3037580,209379,67947,36516,17001,36153,24665,4202,35,60
06944795,16:04:09,stable_exercise,10,no,,737182,970655,155177,78467,117764,41935,17823,4382,27,48
06944795,16:04:09,stable_exercise,10,no,,536008,237753,89676,30941,81258,38247,11960,6607,29,54
06944795,16:04:10,stable_exercise,10,no,,495263,50503,13277,13667,6903,1826,1843,1697,17,60
06944795,16:04:12,stable_exercise,10,no,,883744,245122,41503,34799,142792,52498,38511,5969,21,53
06944795,16:04:13,stable_exercise,10,no,,1378826,50574,87543,25913,10491,17850,15728,3461,30,74
06944795,16:04:14,stable_exercise,10,no,,1168366,92767,34588,24190,3624,16199,3508,1506,29,78
06944795,16:04:15,stable_exercise,10,no,,806342,58872,9927,13851,17271,4581,3993,989,37,74
06944795,16:04:16,stable_exercise,10,no,,49216,13615,20601,970,4048,5701,2095,580,37,90
06944795,16:04:17,stable_exercise,10,no,,459707,116104,12253,28511,42406,17356,3795,1195,38,70
06944795,16:04:18,stable_exercise,10,no,,733299,205961,6892,20209,19168,17167,11818,4766,35,54
06944795,16:04:19,stable_exercise,10,no,,1405602,689853,146986,49450,121100,66567,16944,32956,38,51
06944795,16:04:20,stable_exercise,10,no,,289410,237621,24060,65250,58048,64866,26369,5814,41,37
06944795,16:04:20,stable_exercise,10,no,,186471,17670,19913,29096,48592,43141,4681,3321,54,43
06944795,16:04:22,stable_exercise,10,no,,1103116,232351,39060,53310,34375,38991,22000,8420,60,53
06944795,16:04:23,stable_exercise,10,no,,1530681,106881,49252,22511,30354,23012,19278,2447,64,61
06944795,16:04:24,stable_exercise,10,no,,1415208,224048,67974,44591,98387,38437,38545,11049,60,64
06944795,16:04:25,stable_exercise,10,no,,2014739,940571,34043,77882,120772,59183,71257,19923,38,48
06944795,16:04:26,stable_exercise,10,no,,221722,63083,16231,23180,22257,7900,4393,2428,35,53
06944795,16:04:27,stable_exercise,10,no,,1778986,940836,258379,163579,209744,133046,21692,10567,30,48
06944795,16:04:28,stable_exercise,10,no,,930212,59119,4630,17112,5773,3792,6546,2306,24,48
06944795,16:04:29,stable_exercise,10,no,,120182,43447,8275,3059,16234,9492,6646,1298,35,54
06944795,16:04:30,stable_exercise,10,no,,158395,62911,19387,13491,1874,6838,4654,1928,35,56
06944795,16:04:30,stable_exercise,10,no,,124532,116161,7247,13182,18840,11744,19317,4385,30,47
06944795,16:04:31,stable_exercise,10,no,,639592,185262,177090,36882,66062,49902,7078,5824,40,56
06944795,16:04:33,stable_exercise,10,no,,246000,17163,1725,1798,3249,2645,2828,282,38,54
06944795,16:04:34,stable_exercise,10,no,,272299,6972,1967,3045,1668,3538,563,188,50,53
06944795,16:04:35,stable_exercise,10,no,,1914723,241944,43421,20931,26967,10899,10620,1398,41,57
06944795,16:04:36,stable_exercise,10,no,,982639,236081,59066,55745,46580,33862,26046,10047,40,51
06944795,16:04:37,stable_exercise,10,no,,1038015,486329,39235,145994,49059,51500,11847,5472,37,60
06944795,16:04:38,stable_exercise,10,no,,1079812,57833,7671,16940,11939,10857,4076,2618,27,56
06944795,16:04:38,stable_exercise,10,no,,139632,3612,936,2147,1017,861,403,69,40,66
06944795,16:04:40,stable_exercise,10,no,,221955,82563,40979,24556,70214,26999,4516,2024,44,66
06944795,16:04:41,stable_exercise,10,no,,70862,26416,29877,37238,21313,7041,8390,3818,44,81
06944795,16:04:42,stable_exercise,10,no,,1559347,92922,7511,7641,8609,12792,4382,1778,43,74
06944795,16:04:43,stable_exercise,10,no,,31689,10296,1799,3409,3298,1757,531,443,41,66
06944795,16:04:44,stable_exercise,10,no,,487060,48485,70522,41161,19215,16909,3942,2222,38,80
06944795,16:04:45,stable_exercise,10,no,,580780,407898,29692,38884,49133,46285,6593,3027,40,56
06944795,16:04:46,stable_exercise,10,no,,220867,80102,46818,38800,24745,18738,4384,9417,40,74
06944795,16:04:47,stable_exercise,10,no,,686433,40593,34007,10239,37773,23596,13265,4431,48,75
06944795,16:04:48,stable_exercise,10,no,,294115,37392,10976,31816,16667,19254,2609,1278,54,66
06944795,16:04:49,stable_exercise,10,no,,51903,8451,6017,1856,2827,4162,1545,397,64,80
06944795,16:04:49,stable_exercise,10,no,,1429521,176757,116604,47124,14692,20032,4031,5987,57,81
06944795,16:04:51,stable_exercise,10,no,,164348,28139,8286,4530,2522,6943,2461,917,54,80
06944795,16:04:52,stable_exercise,10,no,,755352,104167,7168,17907,13534,5158,2124,581,40,67
06944795,16:04:53,stable_exercise,10,no,,336950,218957,69346,36666,28666,17557,14496,4346,26,64
06944795,16:04:53,stable_exercise,10,no,,120339,50974,3195,3712,4218,3251,4027,743,24,44
06944795,16:04:55,stable_exercise,10,no,,344255,81508,42819,30174,8590,3204,2734,1565,7,53
06944795,16:04:56,stable_exercise,10,no,,137405,52952,12458,8245,19378,8982,6416,1913,16,56
06944795,16:04:56,stable_exercise,10,no,,86422,28689,37012,98313,119578,28084,8761,1602,24,66
06944795,16:04:58,stable_exercise,10,no,,1979777,42662,14481,148354,23184,21286,15017,4007,29,94
06944795,16:04:59,stable_exercise,10,no,,126100,96926,3883,6206,11170,5493,3475,483,38,70
06944795,16:05:00,stable_exercise,10,no,,427060,231128,41140,13853,40140,8027,8292,3121,24,67
06944795,16:05:00,stable_exercise,10,no,,187325,2787,8638,4883,5567,1587,506,468,20,74
06944795,16:05:02,stable_exercise,10,no,,246059,84759,33605,51869,36888,20116,7372,6418,21,61
06944795,16:05:03,stable_exercise,10,no,,1589557,90453,95674,32503,30676,23146,14033,3680,27,87
06944795,16:05:04,stable_exercise,10,no,,121689,16254,4954,19593,3326,7564,1653,2354,44,100
06944795,16:05:05,stable_exercise,10,no,,1164285,92514,20191,50808,54769,4597,8653,2711,35,90
06944795,16:05:06,stable_exercise,10,no,,128746,138523,3706,45477,54238,8003,10094,2822,26,81
06944795,16:05:07,stable_exercise,10,no,,944205,154750,36279,141827,66803,44906,7487,4926,27,77
06944795,16:05:07,stable_exercise,10,no,,391708,550445,133262,40763,42359,15402,17458,4020,8,64
06944795,16:05:09,stable_exercise,10,no,,1103243,245271,46044,64248,19515,23307,12476,2725,16,63
06944795,16:05:10,stable_exercise,10,no,,1288729,717249,106727,97782,72911,45887,20737,8665,16,63
06944795,16:05:11,stable_exercise,10,no,,786467,40517,14349,5966,5437,7981,2003,500,17,57
06944795,16:05:11,stable_exercise,10,no,,319057,394380,69694,45998,37688,44935,13544,2619,29,56
06944795,16:05:13,stable_exercise,10,no,,1048238,39239,3276,8484,55428,14982,4580,4033,41,43
06944795,16:05:14,stable_exercise,10,no,,297262,74695,48409,70325,13255,19207,4177,2756,48,57
06944795,16:05:14,stable_exercise,10,no,,289403,23861,38121,14695,24181,40390,7149,2388,60,63
06944795,16:05:16,stable_exercise,10,no,,629625,58920,1701,5244,5933,12377,3878,811,66,53
06944795,16:05:17,stable_exercise,10,no,,504911,167339,4846,6646,15491,9855,6392,3361,51,47
06944795,16:05:17,stable_exercise,10,no,,551258,12184,5727,6700,3890,7267,2498,867,61,40
06944795,16:05:19,stable_exercise,10,no,,141897,28696,6194,18865,23624,4386,8085,884,47,38
06944795,16:05:20,stable_exercise,10,no,,631897,241779,81436,85520,29133,31988,16723,2610,40,56
06944795,16:05:21,stable_exercise,10,no,,780100,353797,19210,18610,13686,19287,16611,2533,38,61
06944795,16:05:22,stable_exercise,10,no,,696291,56356,13631,7555,10359,8968,3118,356,29,54
06944795,16:05:23,stable_exercise,10,no,,1469149,6169,17401,24192,19089,16424,3662,2147,43,63
06944795,16:05:24,stable_exercise,10,no,,522706,62802,1548,6311,6496,3788,1113,847,40,47
06944795,16:05:25,stable_exercise,10,no,,472588,140351,62186,68396,29956,34861,10171,6229,47,64
06944795,16:05:26,stable_exercise,10,no,,1757333,149429,64888,51883,50684,30848,9967,6209,47,70
06944795,16:05:27,stable_exercise,10,no,,200156,32731,8659,23109,13531,6826,4232,1068,37,66
06944795,16:05:28,stable_exercise,10,no,,846997,128216,12191,24387,8141,20651,14590,2159,43,75
06944795,16:05:28,stable_exercise,10,no,,210850,138669,28281,22893,16237,7728,6681,3117,35,66
06944795,16:05:30,stable_exercise,10,no,,148886,19898,1775,13037,17263,4634,2249,1112,37,63
06944795,16:05:30,stable_exercise,10,no,,423942,83689,45891,23898,11479,16227,7632,4776,37,63
06944795,16:05:32,stable_exercise,10,no,,513488,76748,5791,24409,13754,8300,1501,531,30,66
06944795,16:05:33,stable_exercise,10,no,,238839,199588,30274,64960,45906,12751,5195,2238,30,66
06944795,16:05:34,stable_exercise,10,no,,82630,420573,69244,70975,15128,9285,11428,3660,14,66
06944795,16:05:35,stable_exercise,10,no,,561229,174900,27977,17046,30314,30982,6778,2557,16,53
06944795,16:05:35,stable_exercise,10,no,,712101,120999,39595,50957,44635,24839,21829,6118,21,57
06944795,16:05:37,stable_exercise,10,no,,42477,9116,11264,7578,10149,4500,1710,493,30,67
06944795,16:05:38,stable_exercise,10,no,,244503,52101,79505,76489,30783,37399,9869,3162,53,81
06944795,16:05:38,stable_exercise,10,no,,224826,151018,32460,18380,69798,57741,9141,3479,60,81
06944795,16:05:39,stable_exercise,10,no,,522296,40774,7484,15422,6637,5528,1199,1685,54,81
06944795,16:05:41,stable_exercise,10,no,,118833,7487,970,7399,2485,1028,978,402,48,81
06944795,16:05:42,stable_exercise,10,no,,905858,154436,180094,25049,90048,21747,12088,13536,38,75
06944795,16:05:42,stable_exercise,10,no,,1428820,150990,25452,14457,33984,22089,14450,4734,29,77
06944795,16:05:44,stable_exercise,10,no,,560070,32955,9385,7055,6728,4512,639,480,29,77
06944795,16:05:45,stable_exercise,10,no,,24330,7503,5918,10626,7002,5457,1833,924,38,83
06944795,16:05:46,stable_exercise,10,no,,1845100,78854,12205,63170,50636,54687,29886,4854,53,77
06944795,16:05:47,stable_exercise,10,no,,2214262,806157,220825,34977,142256,57193,22204,4597,50,64
06944795,16:05:48,stable_exercise,10,no,,318618,122459,14432,35799,15478,16818,13389,1194,50,69
06944795,16:05:48,stable_exercise,10,no,,2334789,35925,29165,18747,11583,6497,5524,1147,40,69
06944795,16:05:49,stable_exercise,10,no,,96036,48536,3139,8602,5748,2361,574,1269,21,61
06944795,16:05:51,stable_exercise,10,no,,615712,596930,74702,64500,146695,58084,18974,9481,26,57
06944795,16:05:52,stable_exercise,10,no,,451815,133489,113853,55519,8357,17859,6421,4902,21,70
06944795,16:05:52,stable_exercise,10,no,,1392298,256201,57354,31752,61758,14163,6191,3073,16,57
06944795,16:05:54,stable_exercise,10,no,,547220,253713,34393,100652,96626,59276,4617,1680,27,63
06944795,16:05:55,stable_exercise,10,no,,68331,38013,9163,5784,3109,4830,1501,937,29,69
06944795,16:05:56,stable_exercise,10,no,,178963,81590,3471,13116,20217,4863,2816,608,27,50
06944795,16:05:56,stable_exercise,10,no,,822180,48365,35673,11000,5288,12355,3346,1156,38,60
06944795,16:05:58,stable_exercise,10,no,,117683,15156,1656,4075,1271,5654,717,582,43,57
06944795,16:05:59,stable_exercise,10,no,,576759,926825,14115,28694,35271,20783,22215,2324,30,37
06944795,16:05:59,stable_exercise,10,no,,291605,89685,10077,11472,12372,4615,4759,2225,29,38
06944795,16:06:00,stable_exercise,10,no,,752774,267283,75001,38704,66035,20228,6875,3830,21,30
06944795,16:06:02,stable_exercise,10,no,,283344,16427,3479,9290,2006,3599,590,212,14,40
06944795,16:06:03,stable_exercise,10,no,,2149232,27834,8946,18390,17469,9387,7353,6290,30,64
06944795,16:06:03,stable_exercise,10,no,,379927,117200,16803,85656,61879,14536,10653,6157,37,75
06944795,16:06:05,stable_exercise,10,no,,1821259,125569,25568,120739,119363,45628,25333,7330,44,80
06944795,16:06:06,stable_exercise,10,no,,1575010,107379,53932,20097,32603,40629,13952,5090,50,77
06944795,16:06:07,stable_exercise,10,no,,392232,47686,59746,26733,31558,71920,9455,4734,57,78
06944795,16:06:07,stable_exercise,10,no,,1709411,326316,35655,69927,124449,212059,72191,83565,75,63
06944795,16:06:09,stable_exercise,10,no,,84052,77567,7442,11609,36648,25081,5940,1734,80,50
06944795,16:06:10,stable_exercise,10,no,,908110,440830,51322,157306,57037,79564,58410,25620,75,48
06944795,16:06:10,stable_exercise,10,no,,759733,64959,8550,24472,27370,5963,4253,548,57,44
06944795,16:06:12,stable_exercise,10,no,,538697,98724,6239,27761,44749,19966,31152,3965,47,48
06944795,16:06:13,stable_exercise,10,no,,353105,158330,64867,64101,11299,34160,8478,5900,40,64
06944795,16:06:14,stable_exercise,10,no,,1873185,131520,147198,14365,34846,63514,9880,7634,44,70
06944795,16:06:14,stable_exercise,10,no,,468233,68497,30553,26854,19045,14072,9595,6400,50,77
06944795,16:06:16,stable_exercise,10,no,,416894,55281,4957,24453,16842,5432,3339,523,43,81
06944795,16:06:17,stable_exercise,10,no,,712384,512077,93682,48998,27154,25421,4836,5558,34,70
06944795,16:06:17,stable_exercise,10,no,,53470,15788,1644,13558,7789,4986,1710,1914,29,69
06944795,16:06:19,stable_exercise,10,no,,1741725,147464,12208,57929,16028,31517,11589,2637,34,64
06944795,16:06:20,stable_exercise,10,no,,744808,15937,9126,4838,3456,8654,4223,1104,47,67
06944795,16:06:20,stable_exercise,10,no,,1307518,259403,100649,12998,47335,23523,25242,3413,50,70
06944795,16:06:22,stable_exercise,10,no,,163257,33000,10916,25188,27999,15491,12512,3182,53,69
06944795,16:06:23,stable_exercise,10,no,,727824,29591,19780,10950,8783,4281,2684,693,48,77
06944795,16:06:24,stable_exercise,10,no,,1599353,235188,41926,143363,298215,93335,18882,8022,44,70
06944795,16:06:24,stable_exercise,10,no,,2069689,244259,71877,26575,17797,38371,19354,8556,50,70
06944795,16:06:26,stable_exercise,10,no,,239191,26709,3221,5677,2089,1309,1735,977,35,66
06944795,16:06:27,stable_exercise,10,no,,988425,379756,93218,19633,26715,52321,9238,13005,37,53
06944795,16:06:27,stable_exercise,10,no,,70477,14078,367,6377,3975,3075,1157,756,34,54
06944795,16:06:28,stable_exercise,10,no,,642733,633674,150479,88894,191438,97251,35659,11708,34,51
06944795,16:06:30,stable_exercise,10,no,,1611222,92578,13453,49349,23722,11145,2475,884,38,57
06944795,16:06:30,stable_exercise,10,no,,1147973,283678,98852,143180,136048,75021,20191,21986,41,64
06944795,16:06:31,stable_exercise,10,no,,829634,91058,51936,29518,9048,8161,2792,1800,30,74
06944795,16:06:33,stable_exercise,10,no,,928441,17891,16740,17415,17283,7294,5171,801,35,87
06944795,16:06:33,stable_exercise,10,no,,823803,306794,164987,83362,80533,25355,25398,7978,29,88
06944795,16:06:35,stable_exercise,10,no,,198425,35227,17977,24505,7058,6015,3253,1945,24,94
06944795,16:06:36,stable_exercise,10,no,,1301837,273340,86804,207763,64261,79705,42880,9278,35,94
06944795,16:06:37,stable_exercise,10,no,,84425,98382,15348,31732,9864,4621,6719,3072,21,87
06944795,16:06:38,stable_exercise,10,no,,1089823,278633,20099,71833,11182,61362,3966,2553,35,77
06944795,16:06:38,stable_exercise,10,no,,852004,61143,31739,16019,4494,7533,1615,963,35,70
06944795,16:06:40,stable_exercise,10,no,,1358195,118370,13503,35948,32065,60897,30154,8606,43,61
06944795,16:06:41,stable_exercise,10,no,,328877,41596,16851,14906,8389,9649,1727,813,54,63
06944795,16:06:41,stable_exercise,10,no,,1013696,463453,52394,11799,103951,43919,21203,3971,48,53
06944795,16:06:43,stable_exercise,10,no,,911126,453719,9999,38678,23331,14835,7044,2088,40,34
06944795,16:06:44,stable_exercise,10,no,,922854,66595,2346,14522,12311,4914,5873,2663,24,30
06944795,16:06:44,stable_exercise,10,no,,1741566,1306151,241936,373911,321153,543408,48810,19556,30,24
06944795,16:06:45,stable_exercise,10,no,,818725,379001,34930,41604,36640,36053,12312,8828,30,29
06944795,16:06:47,stable_exercise,10,no,,1015058,440952,170524,127032,90890,106880,88254,30233,47,48
06944795,16:06:47,stable_exercise,10,no,,1761855,242012,36084,32717,28600,53060,17790,1283,56,48
06944795,16:06:49,stable_exercise,10,no,,439352,1062226,38555,122701,76668,63190,44201,13073,40,40
06944795,16:06:50,stable_exercise,10,no,,1217897,7590,21513,2646,11079,10397,2407,1309,53,56
06944795,16:06:51,stable_exercise,10,no,,487244,202181,14714,38752,31294,38149,6061,4891,53,47
06944795,16:06:51,stable_exercise,10,no,,1042539,1524664,273686,126390,115349,144152,53722,29424,47,47
06944795,16:06:52,stable_exercise,10,no,,956226,53488,53848,88264,10510,18515,2572,2397,51,74
06944795,16:06:54,stable_exercise,10,no,,35935,30885,2901,4973,3277,2097,1733,607,37,60
06944795,16:06:55,stable_exercise,10,no,,1289084,1010859,461551,286248,667312,287913,83711,27767,38,66
06944795,16:06:56,stable_exercise,10,no,,2838726,407912,533246,294480,90355,65734,31629,19804,38,66
06944795,16:06:56,stable_exercise,10,no,,1248510,479788,248200,23764,40938,50016,64955,20699,37,75
06944795,16:06:58,stable_exercise,10,no,,1917646,533142,79293,84284,37518,58322,30766,11156,35,54
06944795,16:06:59,stable_exercise,10,no,,2014024,1711291,284086,295639,57363,74538,59750,7323,30,57
06944795,16:06:59,stable_exercise,10,no,,746511,53480,62287,51436,53345,6437,4602,3128,17,67
06944795,16:07:01,stable_exercise,10,no,,1863825,593833,103774,40832,87620,90483,16265,51824,23,57
06944795,16:07:02,stable_exercise,10,no,,1774350,76411,47193,19115,5280,7954,5292,4301,20,70
06944795,16:07:02,stable_exercise,10,no,,643339,72521,32691,15316,5316,34957,11372,2239,38,75
06944795,16:07:04,stable_exercise,10,no,,428874,24353,15446,16950,12141,4509,1936,603,44,70
06944795,16:07:05,stable_exercise,10,no,,695557,40310,17612,26978,17334,6885,7455,3014,41,84
06944795,16:07:05,stable_exercise,10,no,,345101,91524,25272,11732,9919,21477,8891,4812,50,74
06944795,16:07:06,stable_exercise,10,no,,1181725,67130,14017,10206,19730,7632,5698,3405,38,67
06944795,16:07:08,stable_exercise,10,no,,134122,30655,18903,17368,17884,3534,2311,2024,35,66
06944795,16:07:09,stable_exercise,10,no,,110786,63774,11592,13768,10438,7598,4822,4171,35,60
06944795,16:07:10,stable_exercise,10,no,,170101,35050,8114,15537,39483,14492,10792,3255,38,60
06944795,16:07:11,stable_exercise,10,no,,63922,12683,1700,11068,6954,4169,6923,1310,47,67
06944795,16:07:12,stable_exercise,10,no,,2325671,445928,103445,77518,13583,40878,18154,2814,48,60
06944795,16:07:12,stable_exercise,10,no,,148494,178356,13624,47244,19657,14409,8679,6734,44,60
06944795,16:07:13,stable_exercise,10,no,,108921,102126,18402,52183,42788,30817,26110,4584,43,63
06944795,16:07:15,stable_exercise,10,no,,295090,303987,18683,4280,22950,18398,16529,5818,34,41
06944795,16:07:15,stable_exercise,10,no,,2275428,687872,149032,84685,38330,90026,24468,25184,37,40
06944795,16:07:16,stable_exercise,10,no,,1452582,176140,58810,43093,91202,30537,10656,8640,41,41
06944795,16:07:17,stable_exercise,10,no,,2612639,1712409,16737,202175,39074,53200,23424,14176,23,27
06944795,16:07:19,stable_exercise,10,no,,1746267,263506,7602,33018,79346,22290,24277,10284,24,34
06944795,16:07:20,stable_exercise,10,no,,1648258,297381,77994,25778,160082,25221,29195,24692,21,29
06944795,16:07:20,stable_exercise,10,no,,1058731,62707,6468,11385,6401,10783,5473,3352,23,26
06944795,16:07:22,stable_exercise,10,no,,804752,110520,54239,102140,114844,49531,20381,6050,23,26
06944795,16:07:23,stable_exercise,10,no,,850226,55660,15428,9567,17259,16037,4365,8559,23,26
06944795,16:07:23,stable_exercise,10,no,,1946124,63259,23014,56043,23718,19874,9277,2975,38,43
06944795,16:07:24,stable_exercise,10,no,,1021134,532359,102652,147796,48596,58327,25736,11850,40,57
06944795,16:07:26,stable_exercise,10,no,,313713,88461,19157,11257,18902,11178,1261,1736,40,57
06944795,16:07:27,stable_exercise,10,no,,751530,143462,34781,22862,24600,32515,8518,11344,40,57
06944795,16:07:27,stable_exercise,10,no,,68524,52161,9645,6747,4003,2770,2777,773,35,61
06944795,16:07:29,stable_exercise,10,no,,2019360,167936,79609,45639,19702,20422,26889,8739,29,74
06944795,16:07:30,stable_exercise,10,no,,1450709,26353,2780,1692,5281,9536,5184,682,29,74
06944795,16:07:31,stable_exercise,10,no,,1088246,95347,25409,7640,15756,15521,20064,6507,27,63
06944795,16:07:31,stable_exercise,10,no,,125391,14337,7678,1532,4670,2700,3266,550,30,63
06944795,16:07:33,stable_exercise,10,no,,499360,62132,4765,6568,4139,4061,7916,3615,37,56
06944795,16:07:33,stable_exercise,10,no,,475436,326273,89888,65979,76345,28051,7474,7438,35,50
06944795,16:07:34,stable_exercise,10,no,,1051141,65451,5107,6954,8590,6619,6955,1331,29,43
06944795,16:07:36,stable_exercise,10,no,,659742,969570,53290,136797,21469,38592,21920,7324,20,35
06944795,16:07:37,stable_exercise,10,no,,1297501,79333,2740,19106,4804,9245,3968,1195,23,38
06944795,16:07:38,stable_exercise,10,no,,868299,99394,18867,28087,35701,15334,22123,9097,23,38
06944795,16:07:38,stable_exercise,10,no,,479720,25654,4462,3301,4047,3542,2703,490,27,34
06944795,16:07:40,stable_exercise,10,no,,549885,390090,61576,97019,189599,120019,62215,48027,27,34
06944795,16:07:41,stable_exercise,10,no,,671153,697336,410335,354585,154124,44999,23802,17216,27,34
06944795,16:07:41,stable_exercise,10,no,,1446731,201740,22009,76906,108928,95117,43152,9798,40,40
06944795,16:07:43,stable_exercise,10,no,,926599,194493,34442,47806,39492,21989,8491,3267,40,40
06944795,16:07:44,stable_exercise,10,no,,212339,9731,7918,2170,3460,3123,958,211,53,51
06944795,16:07:44,stable_exercise,10,no,,1161166,362095,86398,85806,45316,91568,33657,19742,57,54
06944795,16:07:46,stable_exercise,10,no,,1173209,21619,2404,15245,3303,9142,1671,939,57,54
06944795,16:07:47,stable_exercise,10,no,,67905,169149,43034,32767,38797,42232,13239,6774,63,57
06944795,16:07:47,stable_exercise,10,no,,1625568,21059,24842,18103,68107,31831,11144,2970,63,57
06944795,16:07:48,stable_exercise,10,no,,1492373,198120,12129,24366,28902,51772,26258,14018,61,51
06944795,16:07:50,stable_exercise,10,no,,1920455,1880462,607120,974876,916572,1018014,132982,75107,66,48
06944795,16:07:51,stable_exercise,10,no,,1003200,20526,13310,30295,14099,17142,26638,29097,66,48
06944795,16:07:51,stable_exercise,10,no,,441888,68472,26477,41769,17593,22582,9606,2610,66,54
06944795,16:07:53,stable_exercise,10,no,,1067392,26740,43592,138015,60496,69624,51871,41264,66,54
06944795,16:07:54,stable_exercise,10,no,,359534,13659,8639,9854,11763,3021,1739,848,60,63
06944795,16:07:54,stable_exercise,10,no,,788660,124669,50398,5599,27625,28427,30864,3309,56,74
06944795,16:07:55,stable_exercise,10,no,,2045645,168341,10904,38737,38735,35208,17916,3353,51,64
06944795,16:07:57,stable_exercise,10,no,,190256,61047,43600,12195,40437,40259,8791,9311,57,60
06944795,16:07:58,stable_exercise,10,no,,744955,705157,241675,214017,220586,103739,28753,5219,57,60
06944795,16:07:58,stable_exercise,10,no,,1691618,55372,4661,5328,9740,2197,1304,788,50,43
06944795,16:08:00,stable_exercise,10,no,,1075893,184057,49191,21963,11808,14216,10543,2725,40,44
06944795,16:08:00,stable_exercise,10,no,,517148,28741,13067,4013,9332,3759,2945,624,34,51
06944795,16:08:02,stable_exercise,10,no,,540572,129457,17849,39079,24399,30840,5057,2618,27,50
06944795,16:08:02,stable_exercise,10,no,,1362880,47280,14630,21090,15846,22235,4213,1768,47,61
06944795,16:08:04,stable_exercise,10,no,,2095728,51134,9373,26193,19056,20478,2810,1171,57,61
06944795,16:08:05,stable_exercise,10,no,,60120,3715,2362,4507,8738,4782,1778,282,75,61
06944795,16:08:05,stable_exercise,10,no,,593758,106843,25795,13220,22302,3994,1815,323,57,60
06944795,16:08:06,stable_exercise,10,no,,996810,122264,10339,10929,20186,14496,4639,3104,50,48
06944795,16:08:08,stable_exercise,10,no,,1706556,41408,13428,89075,59888,32155,8524,5012,50,48
06944795,16:08:08,stable_exercise,10,no,,1205981,6826,9760,8035,6852,4266,1600,1510,48,57
06944795,16:08:09,stable_exercise,10,no,,2283439,102629,91423,10079,29946,18923,8708,6706,35,63
06944795,16:08:11,stable_exercise,10,no,,636628,20787,18973,13514,7413,11937,3084,1422,53,75
06944795,16:08:12,stable_exercise,10,no,,1378741,505800,285794,131229,54236,53812,38247,16490,47,91
06944795,16:08:13,stable_exercise,10,no,,520262,20649,3637,2480,8044,6124,1938,359,47,91
06944795,16:08:13,stable_exercise,10,no,,217957,55951,135613,75931,110021,73422,22291,9842,50,90
06944795,16:08:15,stable_exercise,10,no,,1190378,75852,13920,31060,35074,10399,8117,1153,50,90
06944795,16:08:15,stable_exercise,10,no,,859869,41791,32358,30268,23638,34258,9728,4367,61,90
06944795,16:08:16,stable_exercise,10,no,,2205378,579212,31090,73357,54736,46583,38251,3442,61,90
06944795,16:08:18,stable_exercise,10,no,,796532,14479,7964,3372,7097,4791,2928,578,61,83
06944795,16:08:18,stable_exercise,10,no,,1196136,58188,17246,18717,46913,47984,26026,1802,61,83
06944795,16:08:19,stable_exercise,10,no,,1053674,60561,17354,84812,36162,76650,5582,5766,61,83
06944795,16:08:20,stable_exercise,10,no,,632211,33535,9611,8243,4501,4096,3778,1008,61,83
06944795,16:08:21,stable_exercise,10,no,,1166670,12541,3181,3639,5820,1126,2074,682,61,83
06944795,16:08:23,stable_exercise,10,no,,667535,1090561,90333,130667,91090,129982,23709,6946,64,69
06944795,16:08:23,stable_exercise,10,no,,1393785,48601,11156,23199,17936,7480,5199,1283,64,69
06944795,16:08:25,stable_exercise,10,no,,1647477,583751,326071,296987,309867,114454,97232,56580,64,69
06944795,16:08:26,stable_exercise,10,no,,1189704,21580,15770,66790,43178,34930,16293,4496,64,69
06944795,16:08:26,stable_exercise,10,no,,332242,16374,2502,1978,2080,685,345,249,64,69
06944795,16:08:27,stable_exercise,10,no,,1302179,93281,77477,45791,41052,11929,11512,6031,64,69
06944795,16:08:29,stable_exercise,10,no,,1115989,75015,36005,46781,14653,75032,25941,12982,70,63
06944795,16:08:29,stable_exercise,10,no,,1584758,76862,77545,15085,21617,24758,8711,4432,63,64
06944795,16:08:30,stable_exercise,10,no,,3566757,219093,37814,29018,15955,11491,3801,2864,63,64
06944795,16:08:32,stable_exercise,10,no,,2133873,1017875,159758,96841,159614,84107,18895,7236,54,56
06944795,16:08:32,stable_exercise,10,no,,556873,75822,11257,25816,36403,32112,8647,7019,64,61
06944795,16:08:34,stable_exercise,10,no,,309050,101278,29013,6982,33358,25118,19449,6747,54,53
06944795,16:08:35,stable_exercise,10,no,,896512,921935,155353,40450,79120,81701,25160,11364,48,38
06944795,16:08:36,stable_exercise,10,no,,48471,55139,31918,30565,25102,21421,8222,2506,56,50
06944795,16:08:36,stable_exercise,10,no,,1697993,105421,10008,3922,13922,14737,9375,3864,50,38
06944795,16:08:37,stable_exercise,10,no,,1004552,153495,12359,48279,63004,16433,9385,7989,43,40
06944795,16:08:39,stable_exercise,10,no,,1353216,148772,26923,7146,59057,13448,4833,3739,43,40
06944795,16:08:39,stable_exercise,10,no,,330005,89241,23130,49144,16161,8836,7437,1981,34,40
06944795,16:08:40,stable_exercise,10,no,,729667,95622,46596,13647,49989,14754,7100,8341,29,54
06944795,16:08:42,stable_exercise,10,no,,1014009,433420,50512,139709,468844,346354,53436,11753,48,48
06944795,16:08:42,stable_exercise,10,no,,665082,36723,28680,29495,42744,36800,17483,3674,63,61
06944795,16:08:43,stable_exercise,10,no,,504634,24149,10633,23986,32397,21514,13379,5955,78,57
06944795,16:08:45,stable_exercise,10,no,,2266356,594473,39257,56060,24149,27838,27067,22643,70,48
06944795,16:08:45,stable_exercise,10,no,,2422329,973627,278145,195761,275897,1205542,1044288,530864,75,50
06944795,16:08:47,stable_exercise,10,no,,1138565,174973,32970,40289,183936,103910,25741,12229,75,38
06944795,16:08:47,stable_exercise,10,no,,1547478,165533,12567,76007,67796,19049,9783,8064,60,34
06944795,16:08:49,stable_exercise,10,no,,1521100,401684,340248,73980,23043,55601,21027,23900,64,51
06944795,16:08:50,stable_exercise,10,no,,171322,65288,3944,7028,16736,12116,7369,2262,50,47
06944795,16:08:50,stable_exercise,10,no,,934792,503433,181007,64661,82518,79649,160998,13372,38,56
06944795,16:08:52,stable_exercise,10,no,,943331,140530,51219,180391,213649,117154,49848,35668,51,60
06944795,16:08:53,stable_exercise,10,no,,1855817,101485,5071,27658,62364,21330,42763,7634,57,44
06944795,16:08:53,stable_exercise,10,no,,997424,57567,8141,7477,3568,3786,2216,744,50,51
06944795,16:08:54,stable_exercise,10,no,,172375,26552,1977,13200,5769,3059,2247,375,44,53
06944795,16:08:56,stable_exercise,10,no,,1325978,929705,50118,79853,108546,184750,48821,29890,40,38
06944795,16:08:57,stable_exercise,10,no,,120705,10528,16523,2659,8243,3642,1819,1130,38,54
06944795,16:08:57,stable_exercise,10,no,,1250347,147041,95029,79784,106031,44689,29372,7346,47,63
06944795,16:08:58,stable_exercise,10,no,,2234902,389217,33327,87570,46913,35900,10034,3653,47,57
06944795,16:09:00,stable_exercise,10,no,,638079,216096,130071,208162,85776,203997,94366,47625,53,77
06944795,16:09:00,stable_exercise,10,no,,1423225,110312,11211,34160,51018,29406,18615,3476,56,63
06944795,16:09:01,stable_exercise,10,no,,124518,119883,2378,9981,4701,4957,5090,1656,44,44
06944795,16:09:02,stable_exercise,10,no,,230905,86631,24131,11263,6876,14373,14221,7505,50,47
06944795,16:09:04,stable_exercise,10,no,,705345,20716,4376,8988,2122,9484,2104,483,48,43
06944795,16:09:05,stable_exercise,10,no,,1001133,94754,29927,52279,86765,38665,14106,8773,48,43
06944795,16:09:05,stable_exercise,10,no,,1119365,119969,3935,10576,10299,19584,14925,5199,48,43
06944795,16:09:07,stable_exercise,10,no,,969562,427097,40334,38745,17709,7299,5175,8895,24,40
06944795,16:09:08,stable_exercise,10,no,,162885,47369,10355,40164,12789,6137,3850,1204,29,60
06944795,16:09:08,stable_exercise,10,no,,1059794,84259,12699,11735,18119,7249,2680,1297,24,54
06944795,16:09:10,stable_exercise,10,no,,1602186,230333,13090,16363,32825,22172,13385,2366,13,41
06944795,16:09:11,stable_exercise,10,no,,1083000,69165,52528,39838,11182,18144,27635,6893,34,57
06944795,16:09:11,stable_exercise,10,no,,1514311,952975,101578,181311,302259,237756,55540,21974,43,44
06944795,16:09:12,stable_exercise,10,no,,752210,61754,21554,29512,49813,47043,14248,2904,43,44
06944795,16:09:14,stable_exercise,10,no,,482806,48701,62109,21865,19955,20707,11802,7225,50,61
06944795,16:09:14,stable_exercise,10,no,,1804598,101357,2496,31133,56397,6940,25115,31796,50,61
06944795,16:09:15,stable_exercise,10,no,,643309,31789,6282,5820,12722,2111,2967,878,44,69
06944795,16:09:17,stable_exercise,10,no,,1739306,34556,17827,3950,4142,3090,2182,373,44,69
06944795,16:09:18,stable_exercise,10,no,,1339078,305788,33464,50318,30257,8174,5110,7287,29,56
06944795,16:09:18,stable_exercise,10,no,,1157382,191438,3702,23046,37245,32775,18692,4954,27,50
06944795,16:09:19,stable_exercise,10,no,,2311814,544440,159997,117605,49568,95371,42737,16834,26,41
06944795,16:09:21,stable_exercise,10,no,,1701802,345205,130517,69370,89576,40905,13824,3541,29,47
06944795,16:09:21,stable_exercise,10,no,,822115,121081,18596,21947,43971,23673,7749,1587,47,44
06944795,16:09:22,stable_exercise,10,no,,1360548,207425,88327,24544,32684,32892,7292,9113,43,57
06944795,16:09:23,stable_exercise,10,no,,1119213,137680,95892,18891,50130,15832,22671,4395,38,61
06944795,16:09:25,stable_exercise,10,no,,707151,11814,7453,1657,5297,3987,2662,1159,47,61
06944795,16:09:26,stable_exercise,10,no,,1289218,92676,44878,26982,30137,42381,19277,2398,51,67
06944795,16:09:26,stable_exercise,10,no,,20896,4350,1553,1964,3107,3848,337,1006,64,66
06944795,16:09:28,stable_exercise,10,no,,549420,52660,9432,16302,13873,11055,10776,4316,70,60
06944795,16:09:29,stable_exercise,10,no,,581654,150359,5179,63324,7140,9695,28887,4828,57,60
06944795,16:09:29,stable_exercise,10,no,,204253,29846,19080,45586,23004,7929,9184,2414,48,69
06944795,16:09:30,stable_exercise,10,no,,1136831,60341,181197,48846,61451,77155,31483,6510,43,84
06944795,16:09:32,stable_exercise,10,no,,654913,270450,61191,13961,23803,12929,8632,4515,43,84
06944795,16:09:32,stable_exercise,10,no,,1768766,32614,7906,7181,18056,6411,4903,874,43,83
06944795,16:09:33,stable_exercise,10,no,,1006182,25342,3362,5225,12060,12014,2275,532,61,74
06944795,16:09:35,stable_exercise,10,no,,207587,41524,22078,17698,21197,14558,6491,2151,61,74
06944795,16:09:36,stable_exercise,10,no,,1892466,76015,189796,58843,68644,76489,16205,17479,69,75
06944795,16:09:36,stable_exercise,10,no,,968934,209198,58427,24569,29257,12578,20556,4040,54,61
06944795,16:09:37,stable_exercise,10,no,,261613,766953,287005,96227,82986,88906,23349,12617,48,64
06944795,16:09:39,stable_exercise,10,no,,105163,26058,5642,1806,5884,2385,1961,379,35,66
06944795,16:09:40,stable_exercise,10,no,,715925,261889,55397,17542,25739,21700,29068,17729,23,50
06944795,16:09:40,stable_exercise,10,no,,112485,189527,59940,39148,10472,17562,7222,5765,26,53
06944795,16:09:42,stable_exercise,10,no,,128118,6446,4052,1171,725,454,386,98,21,60
06944795,16:09:42,stable_exercise,10,no,,1215774,150210,7649,32653,27366,21215,8019,9347,24,57
06944795,16:09:43,stable_exercise,10,no,,1319735,53663,22110,31074,31603,17382,3337,1920,34,66
06944795,16:09:44,stable_exercise,10,no,,696975,115026,59646,69961,72543,40691,15878,8323,41,69
06944795,16:09:46,stable_exercise,10,no,,1732614,390892,82002,13385,21929,38079,28508,4154,48,56
06944795,16:09:46,stable_exercise,10,no,,1757756,192892,21744,16818,54689,24040,13251,10466,47,53
06944795,16:09:48,stable_exercise,10,no,,164908,171847,30254,30565,22730,14261,13420,2810,38,48
06944795,16:09:49,stable_exercise,10,no,,1401352,212905,160912,42277,62181,40823,29620,5521,34,48
06944795,16:09:50,stable_exercise,10,no,,1759269,145905,229126,194415,65038,48688,19340,6062,34,69
06944795,16:09:50,stable_exercise,10,no,,522905,54428,10319,6729,3906,3411,1372,2057,26,77
06944795,16:09:51,stable_exercise,10,no,,3690221,304837,65417,67668,43239,38553,26025,3042,29,80
06944795,16:09:53,stable_exercise,10,no,,952999,86883,32459,21199,46090,14424,18976,9896,30,74
06944795,16:09:53,stable_exercise,10,no,,599658,29204,41886,10824,20261,7563,15635,6815,34,67
06944795,16:09:55,stable_exercise,10,no,,140838,17084,2462,2821,26509,4074,4273,3031,44,60
06944795,16:09:55,stable_exercise,10,no,,294489,27085,6529,3392,5087,13151,3886,4352,56,53
06944795,16:09:57,stable_exercise,10,no,,188655,149702,2994,20783,4986,6914,2449,549,48,43
06944795,16:09:57,stable_exercise,10,no,,69050,22943,24277,21988,6952,24545,6123,7438,60,41
06944795,16:09:58,stable_exercise,10,no,,900244,381378,501019,428625,475757,265119,135573,50807,60,63
06944795,16:10:00,stable_exercise,10,no,,330234,200156,33190,33743,14733,20405,5944,4692,47,66
06944795,16:10:01,stable_exercise,10,no,,1421669,517474,247973,93561,227026,52077,37481,10124,50,78
06944795,16:10:01,stable_exercise,10,no,,619988,11656,310,2624,12703,4961,2722,2527,50,54
06944795,16:10:02,stable_exercise,10,no,,514981,32812,8763,20428,14372,16910,6828,2689,51,48
06944795,16:10:04,stable_exercise,10,no,,54442,11707,1292,1472,1980,1125,397,283,51,43
06944795,16:10:04,stable_exercise,10,no,,1909966,58535,47096,13455,35943,33276,15108,4998,66,44
06944795,16:10:05,stable_exercise,10,no,,16424,9076,3777,10843,6309,4292,1887,740,61,66
06944795,16:10:07,stable_exercise,10,no,,377772,41189,70166,12054,21974,14175,8729,5229,53,75
06944795,16:10:08,stable_exercise,10,no,,50403,29306,40423,12887,28339,9707,13028,7539,57,90
06944795,16:10:08,stable_exercise,10,no,,869244,98072,32360,102600,6721,60992,9438,8175,56,96
06944795,16:10:09,stable_exercise,10,no,,480047,65058,22081,69696,12107,14094,8980,3897,50,100
06944795,16:10:11,stable_exercise,10,no,,697731,38630,28421,28969,46030,53942,8643,4166,64,90
06944795,16:10:12,stable_exercise,10,no,,203509,45091,6976,12317,5983,9172,3208,934,66,80
06944795,16:10:12,stable_exercise,10,no,,1891221,92856,8869,18457,22110,16541,7717,11918,61,64
06944795,16:10:14,stable_exercise,10,no,,168118,58548,10283,22295,23674,6822,3187,1140,60,54
06944795,16:10:14,stable_exercise,10,no,,2564630,1007971,141732,39276,168377,105778,53573,17011,41,43
06944795,16:10:15,stable_exercise,10,no,,204606,43801,7128,5814,12871,12603,2662,1682,47,38
06944795,16:10:16,stable_exercise,10,no,,1757133,247122,9485,8593,23966,16761,14243,12966,38,26
06944795,16:10:18,stable_exercise,10,no,,485311,54756,8427,25736,50095,7877,26006,5330,41,24
06944795,16:10:18,stable_exercise,10,no,,1010068,88193,21384,7940,5614,7186,5596,1140,40,30
06944795,16:10:19,stable_exercise,10,no,,1309577,113683,36160,55654,74581,57888,15807,7256,41,38
06944795,16:10:21,stable_exercise,10,no,,1143750,202644,58982,56663,36285,58856,14059,8020,51,57
06944795,16:10:21,stable_exercise,10,no,,895071,41399,4342,15730,9500,46870,10301,4748,69,53
06944795,16:10:22,stable_exercise,10,no,,78453,26829,8422,2932,11863,27604,6817,3109,91,47
06944795,16:10:23,stable_exercise,10,no,,364052,148482,51300,25766,22206,22361,21037,13223,81,48
06944795,16:10:24,stable_exercise,10,no,,862115,143733,37113,38236,7351,9206,24818,7310,66,51
06944795,16:10:26,stable_exercise,10,no,,1388825,45924,14554,8630,17873,20670,20632,5649,60,53
06944795,16:10:26,stable_exercise,10,no,,812395,93136,78241,16335,12039,10848,7794,4668,37,69
06944795,16:10:27,stable_exercise,10,no,,548565,69557,17395,11924,16333,7479,6834,10435,35,67
06944795,16:10:29,stable_exercise,10,no,,2858034,339039,77698,40851,81555,45656,32099,6476,43,60
06944795,16:10:29,stable_exercise,10,no,,781999,89419,12853,20824,18902,6005,2260,3885,26,61
06944795,16:10:30,stable_exercise,10,no,,254031,30453,13707,4095,6691,5994,2921,1469,34,54
06944795,16:10:32,stable_exercise,10,no,,114702,69710,14289,52323,34972,14508,7642,4070,37,61
06944795,16:10:32,stable_exercise,10,no,,1282464,252459,2070,15855,41828,23115,31353,13258,34,47
06944795,16:10:33,stable_exercise,10,no,,271764,23622,3962,14599,14281,8621,8299,3267,48,48
06944795,16:10:35,stable_exercise,10,no,,389037,24193,16121,8368,8449,11219,5845,784,53,51
06944795,16:10:35,stable_exercise,10,no,,551970,26345,14107,13172,10925,16325,9699,4753,61,50
06944795,16:10:36,stable_exercise,10,no,,318028,26191,26935,21957,20149,32810,9972,4456,78,75
06944795,16:10:37,stable_exercise,10,no,,66757,21890,7752,10747,11352,11453,4166,5095,80,77
06944795,16:10:39,stable_exercise,10,no,,316961,124521,67212,12921,26908,18655,8133,10823,74,75
06944795,16:10:39,stable_exercise,10,no,,1047436,309766,247435,111805,154330,200921,74539,47360,74,75
06944795,16:10:41,stable_exercise,10,no,,2064503,2268523,326978,281690,280713,324081,170528,78320,61,64
06944795,16:10:41,stable_exercise,10,no,,122151,58383,24546,7696,5847,3386,5892,1405,43,64
06944795,16:10:42,stable_exercise,10,no,,546990,41477,19953,3317,23321,23108,16003,2337,54,57
06944795,16:10:43,stable_exercise,10,no,,170495,323678,13127,50524,9482,13697,4167,5479,37,48
06944795,16:10:44,stable_exercise,10,no,,1274433,110045,47492,66991,15929,16955,9898,3596,34,61
06944795,16:10:46,stable_exercise,10,no,,1918222,133853,25332,46576,15087,25270,11819,7369,43,60
06944795,16:10:47,stable_exercise,10,no,,82524,28550,32717,27072,20358,19827,11919,1670,40,70
06944795,16:10:47,stable_exercise,10,no,,169789,22162,27070,14819,15004,16648,5978,8023,56,87
06944795,16:10:48,stable_exercise,10,no,,187630,102275,72792,36815,21485,15537,9737,4893,56,87
06944795,16:10:50,stable_exercise,10,no,,171904,36948,11701,11318,4777,4737,4895,2185,53,88
06944795,16:10:50,stable_exercise,10,no,,2364746,97823,23595,66427,15057,16133,5435,5982,44,87
06944795,16:10:51,stable_exercise,10,no,,589105,106791,11913,19633,6390,11723,6013,2577,34,74
06944795,16:10:53,stable_exercise,10,no,,59327,35866,11828,12772,17862,6859,5263,8626,37,66
06944795,16:10:53,stable_exercise,10,no,,421612,52892,2586,30780,15878,9271,9059,6935,40,66
06944795,16:10:54,stable_exercise,10,no,,23096,101839,40962,19658,11665,8024,7149,1155,35,63
06944795,16:10:55,stable_exercise,10,no,,116466,50558,25792,32750,6111,13055,4216,3981,38,77
06944795,16:10:57,stable_exercise,10,no,,211474,42769,17727,64167,10111,17899,10655,5996,40,87
06944795,16:10:57,stable_exercise,10,no,,513535,39414,14790,19440,5993,13991,6402,3221,44,90
06944795,16:10:58,stable_exercise,10,no,,166193,7782,2674,808,1161,559,357,91,44,84
06944795,16:11:00,stable_exercise,10,no,,910335,167036,33486,9762,22126,8781,5655,5268,37,70
06944795,16:11:00,stable_exercise,10,no,,1506096,72187,19569,27424,12944,15511,4991,3012,38,61
06944795,16:11:01,stable_exercise,10,no,,132526,60720,78060,38553,19018,9993,5397,1487,26,70
06944795,16:11:02,stable_exercise,10,no,,362758,278554,59118,8901,37038,10310,4462,4455,23,66
06944795,16:11:04,stable_exercise,10,no,,407070,119637,29228,29843,11143,6704,6464,3637,21,74
06944795,16:11:05,stable_exercise,10,no,,175222,29639,6526,10853,9923,11778,8685,1241,27,70
06944795,16:11:05,stable_exercise,10,no,,390552,42885,17117,11832,12198,4395,5415,2246,27,60
06944795,16:11:06,stable_exercise,10,no,,42441,24847,4250,2594,24766,8142,14204,1849,48,53
06944795,16:11:08,stable_exercise,10,no,,904235,67382,32983,18598,4334,6189,3389,5268,50,57
06944795,16:11:09,stable_exercise,10,no,,138916,30033,17290,3169,14499,5659,2632,3952,43,57
06944795,16:11:09,stable_exercise,10,no,,485704,110063,17879,21319,14072,16509,7120,2391,48,51
06944795,16:11:11,stable_exercise,10,no,,97982,73189,15103,14950,14529,11604,5232,4485,41,61
06944795,16:11:11,stable_exercise,10,no,,35644,58194,23401,16369,10904,16289,1958,8930,53,57
06944795,16:11:12,stable_exercise,10,no,,75406,21318,8285,10784,6464,4720,6369,5339,53,63
06944795,16:11:13,stable_exercise,10,no,,62473,12360,3125,722,1450,1241,572,432,50,63
06944795,16:11:14,stable_exercise,10,no,,619490,52132,39613,22395,13464,6973,6160,1912,43,75
06944795,16:11:15,stable_exercise,10,no,,588794,98307,5400,5271,3586,7939,4433,2722,35,57
06944795,16:11:16,stable_exercise,10,no,,101866,54294,40618,18806,3837,7689,3511,980,30,61
06944795,16:11:18,stable_exercise,10,no,,227884,26399,13595,44148,5773,13851,8372,1789,38,78
06944795,16:11:18,stable_exercise,10,no,,1163282,170638,23487,9139,21775,18592,5695,1642,41,60
06944795,16:11:19,stable_exercise,10,no,,887992,46301,22167,15202,27657,8044,4837,1358,44,77
06944795,16:11:21,stable_exercise,10,no,,876263,29056,35878,61956,20274,26615,15920,10051,53,80
06944795,16:11:22,stable_exercise,10,no,,1250122,276144,84084,104352,12424,33195,6674,4959,47,70
06944795,16:11:22,stable_exercise,10,no,,1071732,135553,45244,24954,7979,18806,12998,4813,47,83
06944795,16:11:23,stable_exercise,10,no,,194658,25104,16426,16892,7101,3135,4048,1107,40,91
06944795,16:11:24,stable_exercise,10,no,,17936,61308,20107,34625,6427,9829,4568,2316,34,84
06944795,16:11:25,stable_exercise,10,no,,59976,151268,35512,32257,10580,10701,4643,2372,27,81
06944795,16:11:26,stable_exercise,10,no,,59890,45907,5428,8269,2422,3465,1694,1852,23,77
06944795,16:11:28,stable_exercise,10,no,,312753,116985,13789,12734,11228,9196,8429,5300,24,57
06944795,16:11:29,stable_exercise,10,no,,38092,54209,25207,20627,8097,16376,4111,1312,30,56
06944795,16:11:29,stable_exercise,10,no,,896189,44388,4271,7401,14970,14078,5676,5286,47,47
06944795,16:11:30,stable_exercise,10,no,,72938,14132,1695,3480,1810,5109,1667,1084,60,44
06944795,16:11:32,stable_exercise,10,no,,577389,133301,42226,15024,9266,29379,13643,15980,69,51
06944795,16:11:32,stable_exercise,10,no,,118490,49004,14820,15418,8941,7567,2596,2195,64,50
06944795,16:11:33,stable_exercise,10,no,,1249760,1019391,132220,12117,28802,37944,19635,18928,47,47
06944795,16:11:35,stable_exercise,10,no,,546773,60730,122157,36111,37891,30891,29544,7976,41,63
06944795,16:11:35,stable_exercise,10,no,,1057789,88474,24448,48967,75535,39533,29707,12476,44,63
06944795,16:11:37,stable_exercise,10,no,,1750568,317892,27787,27806,56160,28814,14541,4351,43,51
06944795,16:11:37,stable_exercise,10,no,,533023,121167,37833,7146,27988,20270,6310,3564,54,57
06944795,16:11:39,stable_exercise,10,no,,79247,48243,8331,818,4245,3487,2489,653,47,37
06944795,16:11:40,stable_exercise,10,no,,1356087,936872,21360,58041,15757,13051,10115,3501,17,21
06944795,16:11:40,stable_exercise,10,no,,273611,121038,26635,56869,23835,39834,8638,9094,26,35
06944795,16:11:41,stable_exercise,10,no,,747327,200851,75964,10000,34432,44049,12346,3150,27,37
06944795,16:11:42,stable_exercise,10,no,,611996,64800,6681,5739,15529,14543,6891,3181,27,37
06944795,16:11:43,stable_exercise,10,no,,1136896,223592,29444,22566,68431,57238,17153,7982,27,37
06944795,16:11:44,stable_exercise,10,no,,463775,79649,12828,28176,43329,20133,5275,2145,38,43
06944795,16:11:46,stable_exercise,10,no,,594799,165938,22453,37901,9878,28990,8495,1819,60,56
06944795,16:11:47,stable_exercise,10,no,,847869,559050,48762,77096,68250,93204,36802,11167,56,48
06944795,16:11:47,stable_exercise,10,no,,45873,25492,6185,4618,16989,16551,4048,503,67,43
06944795,16:11:48,stable_exercise,10,no,,447101,96770,12519,37155,25726,43566,11895,10973,74,43
06944795,16:11:50,stable_exercise,10,no,,2311580,105595,102751,18306,78000,70979,14773,8502,81,47
06944795,16:11:50,stable_exercise,10,no,,1393387,57474,26929,45385,109805,40914,18216,8244,90,53
06944795,16:11:51,stable_exercise,10,no,,182657,546732,90468,229927,175538,264319,26506,4365,87,57
06944795,16:11:53,stable_exercise,10,no,,1150853,98487,42010,50982,76215,52517,14306,2009,84,61
06944795,16:11:53,stable_exercise,10,no,,646652,12350,18507,13742,12057,5691,4061,1396,77,70
06944795,16:11:54,stable_exercise,10,no,,1161950,131937,23940,37510,31939,27192,8679,1685,77,70
06944795,16:11:55,stable_exercise,10,no,,1170514,362943,25972,42362,79422,43239,11806,3083,77,70
06944795,16:11:56,stable_exercise,10,no,,2682708,71759,21368,27280,10718,25772,5256,2021,74,74
06944795,16:11:57,stable_exercise,10,no,,920792,58358,46630,18688,33097,20172,6796,1094,66,80
06944795,16:11:59,stable_exercise,10,no,,262446,84662,10623,17439,33233,9473,6895,2506,54,74
06944795,16:12:00,stable_exercise,10,no,,869535,71426,25424,40062,21203,11763,9526,309,54,74
06944795,16:12:00,stable_exercise,10,no,,639897,72196,24736,40191,11642,19065,11733,3190,54,66
06944795,16:12:01,stable_exercise,10,no,,182873,13171,24397,40239,11872,10289,7233,4019,51,83
06944795,16:12:02,stable_exercise,10,no,,1260712,199584,42814,33454,202790,78760,23197,5563,56,67
06944795,16:12:04,stable_exercise,10,no,,124182,29805,11517,14452,30151,8736,7412,1371,56,67
06944795,16:12:05,stable_exercise,10,no,,769280,39659,6852,5536,12596,3011,2229,532,53,69
06944795,16:12:05,stable_exercise,10,no,,1933793,787910,284711,298468,572866,101388,74395,20757,48,64
06944795,16:12:07,stable_exercise,10,no,,1298864,225255,35146,55327,83219,84314,31635,20667,48,64
06944795,16:12:07,stable_exercise,10,no,,1764004,174106,110063,101814,101257,73837,12814,6039,48,64
06944795,16:12:08,stable_exercise,10,no,,1352233,157118,69250,60548,13894,23694,20486,20573,43,54
06944795,16:12:09,stable_exercise,10,no,,465556,172993,90919,44732,36096,20717,6108,2765,29,67
06944795,16:12:11,stable_exercise,10,no,,957208,69371,8360,6302,6195,4724,3509,1110,29,66
06944795,16:12:11,stable_exercise,10,no,,1492480,185543,9609,42640,18793,10917,15970,2882,24,61
06944795,16:12:12,stable_exercise,10,no,,722311,166326,51542,9162,28282,29892,5100,4702,29,51
06944795,16:12:13,stable_exercise,10,no,,89537,40899,11635,16827,92428,54291,30506,12407,51,37
06944795,16:12:14,stable_exercise,10,no,,70571,85612,27850,11210,20797,9479,1868,3297,54,41
06944795,16:12:15,stable_exercise,10,no,,104203,58160,5682,16057,23649,16131,2295,2140,69,41
06944795,16:12:16,stable_exercise,10,no,,562988,65559,17113,21200,5310,5802,5158,2436,61,48
06944795,16:12:18,stable_exercise,10,no,,276465,65278,22521,11820,9585,5872,10198,4633,37,60
